{
  "accuracy": 0.9180790960451978,
  "macro_f1": 0.9178089103686723,
  "weighted_f1": 0.9179650472512093,
  "labels": [
    0,
    1,
    2
  ]
}