{
  "baseline": {
    "accuracy": 0.9152542372881356,
    "macro_f1": 0.9157032732725696,
    "weighted_f1": 0.9155509536901607,
    "labels": [
      0,
      1,
      2
    ]
  },
  "rf_tuned": {
    "accuracy": 0.635593220338983,
    "macro_f1": 0.6077601410934744,
    "weighted_f1": 0.615831166113652,
    "labels": [
      0,
      1,
      2
    ]
  }
}