{
  "accuracy": 0.5282485875706214,
  "macro_f1": 0.4613368789611312,
  "weighted_f1": 0.47791390885182505,
  "labels": [
    0,
    1,
    2
  ]
}