{
  "accuracy": 0.635593220338983,
  "macro_f1": 0.6077601410934744,
  "weighted_f1": 0.615831166113652,
  "labels": [
    0,
    1,
    2
  ]
}