{
  "accuracy": 0.9180790960451978,
  "macro_f1": 0.9180236685285162,
  "weighted_f1": 0.9179611697620271,
  "labels": [
    0,
    1,
    2
  ]
}